rpm,V_mph,J,Ct,Cp,power_W,torque_Nm,thrust_N
1000.0,0.0,0.0,0.0889,0.0376,0.822,0.008,0.354
1000.0,0.27,0.0219,0.0875,0.0379,0.827,0.008,0.349
1000.0,0.54,0.0438,0.0859,0.0381,0.832,0.008,0.342
1000.0,0.81,0.0657,0.0842,0.0382,0.835,0.008,0.336
1000.0,1.07,0.0876,0.0824,0.0384,0.838,0.008,0.329
1000.0,1.34,0.1096,0.0805,0.0384,0.84,0.008,0.321
1000.0,1.61,0.1315,0.0785,0.0385,0.841,0.008,0.313
1000.0,1.88,0.1534,0.0764,0.0384,0.84,0.008,0.304
1000.0,2.15,0.1753,0.0741,0.0383,0.838,0.008,0.295
1000.0,2.42,0.1972,0.0716,0.0382,0.834,0.008,0.286
1000.0,2.69,0.2191,0.0691,0.0379,0.829,0.008,0.275
1000.0,2.96,0.241,0.0664,0.0376,0.822,0.008,0.265
1000.0,3.22,0.2629,0.0635,0.0372,0.813,0.008,0.253
1000.0,3.49,0.2849,0.0606,0.0367,0.802,0.008,0.241
1000.0,3.76,0.3068,0.0574,0.0361,0.788,0.008,0.229
1000.0,4.03,0.3287,0.0542,0.0354,0.773,0.007,0.216
1000.0,4.3,0.3506,0.0508,0.0346,0.756,0.007,0.202
1000.0,4.57,0.3725,0.0472,0.0337,0.736,0.007,0.188
1000.0,4.84,0.3944,0.0436,0.0327,0.714,0.007,0.174
1000.0,5.11,0.4163,0.0399,0.0316,0.691,0.007,0.159
1000.0,5.37,0.4382,0.0361,0.0305,0.666,0.006,0.144
1000.0,5.64,0.4601,0.0322,0.0292,0.639,0.006,0.128
1000.0,5.91,0.4821,0.0282,0.0279,0.61,0.006,0.113
1000.0,6.18,0.504,0.0243,0.0265,0.58,0.006,0.097
1000.0,6.45,0.5259,0.0202,0.0251,0.548,0.005,0.081
1000.0,6.72,0.5478,0.0162,0.0235,0.514,0.005,0.064
1000.0,6.99,0.5697,0.0121,0.022,0.48,0.005,0.048
1000.0,7.25,0.5916,0.0081,0.0203,0.444,0.004,0.032
1000.0,7.52,0.6135,0.0041,0.0186,0.407,0.004,0.016
1000.0,7.79,0.6354,0.0001,0.0169,0.37,0.004,0.001
2000.0,0.0,0.0,0.0892,0.034,5.937,0.028,1.423
2000.0,0.54,0.0221,0.0878,0.0342,5.986,0.029,1.4
2000.0,1.08,0.0441,0.0862,0.0345,6.03,0.029,1.375
2000.0,1.62,0.0662,0.0845,0.0347,6.068,0.029,1.348
2000.0,2.16,0.0883,0.0827,0.0349,6.099,0.029,1.319
2000.0,2.71,0.1103,0.0808,0.035,6.121,0.029,1.289
2000.0,3.25,0.1324,0.0788,0.0351,6.134,0.029,1.256
2000.0,3.79,0.1545,0.0766,0.0351,6.135,0.029,1.221
2000.0,4.33,0.1765,0.0743,0.035,6.125,0.029,1.185
2000.0,4.87,0.1986,0.0718,0.0349,6.101,0.029,1.146
2000.0,5.41,0.2207,0.0693,0.0347,6.063,0.029,1.104
2000.0,5.95,0.2427,0.0665,0.0344,6.009,0.029,1.061
2000.0,6.49,0.2648,0.0637,0.034,5.939,0.028,1.015
2000.0,7.04,0.2869,0.0606,0.0335,5.851,0.028,0.967
2000.0,7.58,0.3089,0.0575,0.0329,5.745,0.027,0.917
2000.0,8.12,0.331,0.0542,0.0322,5.62,0.027,0.864
2000.0,8.66,0.3531,0.0508,0.0313,5.477,0.026,0.809
2000.0,9.2,0.3752,0.0472,0.0304,5.314,0.025,0.753
2000.0,9.74,0.3972,0.0435,0.0294,5.134,0.025,0.694
2000.0,10.28,0.4193,0.0398,0.0282,4.936,0.024,0.634
2000.0,10.82,0.4414,0.036,0.027,4.722,0.023,0.573
2000.0,11.37,0.4634,0.0321,0.0257,4.491,0.021,0.511
2000.0,11.91,0.4855,0.0281,0.0243,4.244,0.02,0.448
2000.0,12.45,0.5076,0.0241,0.0228,3.982,0.019,0.384
2000.0,12.99,0.5296,0.02,0.0212,3.706,0.018,0.32
2000.0,13.53,0.5517,0.016,0.0195,3.416,0.016,0.255
2000.0,14.07,0.5738,0.0119,0.0178,3.113,0.015,0.19
2000.0,14.61,0.5958,0.0079,0.016,2.8,0.013,0.126
2000.0,15.15,0.6179,0.004,0.0142,2.478,0.012,0.063
2000.0,15.7,0.64,0.0001,0.0123,2.148,0.01,0.001
3000.0,0.0,0.0,0.0895,0.0324,19.106,0.061,3.211
3000.0,0.83,0.0226,0.088,0.0327,19.287,0.061,3.157
3000.0,1.66,0.0452,0.0864,0.033,19.45,0.062,3.099
3000.0,2.49,0.0678,0.0847,0.0332,19.592,0.062,3.037
3000.0,3.32,0.0904,0.0828,0.0334,19.708,0.063,2.971
3000.0,4.16,0.1129,0.0808,0.0335,19.794,0.063,2.9
3000.0,4.99,0.1355,0.0787,0.0336,19.845,0.063,2.825
3000.0,5.82,0.1581,0.0765,0.0337,19.856,0.063,2.744
3000.0,6.65,0.1807,0.0741,0.0336,19.822,0.063,2.658
3000.0,7.48,0.2033,0.0716,0.0335,19.739,0.063,2.567
3000.0,8.31,0.2259,0.0689,0.0332,19.604,0.062,2.471
3000.0,9.14,0.2485,0.066,0.0329,19.411,0.062,2.369
3000.0,9.97,0.2711,0.0631,0.0325,19.158,0.061,2.262
3000.0,10.8,0.2937,0.0599,0.0319,18.84,0.06,2.15
3000.0,11.63,0.3162,0.0567,0.0313,18.456,0.059,2.033
3000.0,12.47,0.3388,0.0532,0.0305,18.001,0.057,1.91
3000.0,13.3,0.3614,0.0497,0.0296,17.476,0.056,1.782
3000.0,14.13,0.384,0.046,0.0286,16.883,0.054,1.65
3000.0,14.96,0.4066,0.0422,0.0275,16.225,0.052,1.514
3000.0,15.79,0.4292,0.0383,0.0263,15.503,0.049,1.375
3000.0,16.62,0.4518,0.0344,0.0249,14.718,0.047,1.233
3000.0,17.45,0.4744,0.0303,0.0235,13.873,0.044,1.088
3000.0,18.28,0.497,0.0263,0.022,12.969,0.041,0.942
3000.0,19.11,0.5195,0.0221,0.0204,12.009,0.038,0.794
3000.0,19.94,0.5421,0.018,0.0186,10.997,0.035,0.646
3000.0,20.78,0.5647,0.0139,0.0168,9.935,0.032,0.498
3000.0,21.61,0.5873,0.0098,0.015,8.83,0.028,0.35
3000.0,22.44,0.6099,0.0057,0.013,7.689,0.024,0.204
3000.0,23.27,0.6325,0.0017,0.011,6.517,0.021,0.061
4000.0,0.0,0.0,0.0898,0.0315,44.043,0.105,5.724
4000.0,1.09,0.0222,0.0883,0.0318,44.481,0.106,5.631
4000.0,2.18,0.0444,0.0867,0.0321,44.88,0.107,5.53
4000.0,3.26,0.0665,0.085,0.0323,45.23,0.108,5.423
4000.0,4.35,0.0887,0.0832,0.0326,45.522,0.109,5.308
4000.0,5.44,0.1109,0.0813,0.0327,45.744,0.109,5.185
4000.0,6.53,0.1331,0.0792,0.0328,45.887,0.11,5.053
4000.0,7.61,0.1552,0.077,0.0328,45.938,0.11,4.914
4000.0,8.7,0.1774,0.0747,0.0328,45.889,0.11,4.765
4000.0,9.79,0.1996,0.0722,0.0327,45.728,0.109,4.608
4000.0,10.88,0.2218,0.0696,0.0325,45.445,0.108,4.441
4000.0,11.97,0.2439,0.0669,0.0322,45.031,0.108,4.265
4000.0,13.05,0.2661,0.064,0.0318,44.478,0.106,4.08
4000.0,14.14,0.2883,0.0609,0.0313,43.777,0.105,3.886
4000.0,15.23,0.3105,0.0577,0.0307,42.921,0.102,3.683
4000.0,16.32,0.3327,0.0544,0.03,41.903,0.1,3.47
4000.0,17.4,0.3548,0.0509,0.0291,40.72,0.097,3.249
4000.0,18.49,0.377,0.0474,0.0282,39.375,0.094,3.02
4000.0,19.58,0.3992,0.0437,0.0271,37.875,0.09,2.784
4000.0,20.67,0.4214,0.0399,0.0259,36.222,0.086,2.543
4000.0,21.76,0.4435,0.036,0.0246,34.42,0.082,2.296
4000.0,22.84,0.4657,0.0321,0.0232,32.473,0.078,2.046
4000.0,23.93,0.4879,0.0281,0.0217,30.385,0.073,1.791
4000.0,25.02,0.5101,0.0241,0.0201,28.162,0.067,1.534
4000.0,26.11,0.5322,0.02,0.0185,25.809,0.062,1.276
4000.0,27.19,0.5544,0.0159,0.0167,23.336,0.056,1.016
4000.0,28.28,0.5766,0.0119,0.0148,20.754,0.05,0.758
4000.0,29.37,0.5988,0.0079,0.0129,18.076,0.043,0.502
4000.0,30.46,0.6209,0.0039,0.011,15.318,0.037,0.249
4000.0,31.55,0.6431,0.0,0.0089,12.49,0.03,0.001
5000.0,0.0,0.0,0.0901,0.0309,84.516,0.161,8.975
5000.0,1.36,0.0222,0.0886,0.0313,85.397,0.163,8.828
5000.0,2.72,0.0444,0.087,0.0316,86.201,0.165,8.671
5000.0,4.08,0.0666,0.0853,0.0318,86.909,0.166,8.503
5000.0,5.44,0.0888,0.0835,0.032,87.501,0.167,8.323
5000.0,6.8,0.111,0.0816,0.0322,87.957,0.168,8.13
5000.0,8.17,0.1332,0.0795,0.0323,88.256,0.169,7.924
5000.0,9.53,0.1554,0.0773,0.0324,88.375,0.169,7.705
5000.0,10.89,0.1776,0.075,0.0323,88.294,0.169,7.473
5000.0,12.25,0.1998,0.0725,0.0322,87.991,0.168,7.226
5000.0,13.61,0.222,0.0699,0.032,87.447,0.167,6.965
5000.0,14.97,0.2442,0.0671,0.0317,86.644,0.165,6.689
5000.0,16.33,0.2663,0.0642,0.0313,85.563,0.163,6.399
5000.0,17.69,0.2885,0.0612,0.0308,84.188,0.161,6.094
5000.0,19.05,0.3107,0.058,0.0302,82.506,0.158,5.775
5000.0,20.41,0.3329,0.0546,0.0295,80.5,0.154,5.442
5000.0,21.77,0.3551,0.0511,0.0286,78.166,0.149,5.094
5000.0,23.14,0.3773,0.0475,0.0276,75.51,0.144,4.735
5000.0,24.5,0.3995,0.0438,0.0266,72.541,0.139,4.366
5000.0,25.86,0.4217,0.04,0.0254,69.267,0.132,3.987
5000.0,27.22,0.4439,0.0361,0.0241,65.694,0.125,3.6
5000.0,28.58,0.4661,0.0322,0.0226,61.829,0.118,3.207
5000.0,29.94,0.4883,0.0282,0.0211,57.681,0.11,2.808
5000.0,31.3,0.5105,0.0241,0.0195,53.261,0.102,2.405
5000.0,32.66,0.5327,0.0201,0.0178,48.582,0.093,2.0
5000.0,34.02,0.5549,0.016,0.016,43.66,0.083,1.594
5000.0,35.38,0.5771,0.0119,0.0141,38.519,0.074,1.189
5000.0,36.74,0.5993,0.0079,0.0121,33.186,0.063,0.787
5000.0,38.11,0.6215,0.0039,0.0101,27.693,0.053,0.392
5000.0,39.47,0.6437,0.0,0.0081,22.058,0.042,0.004
6000.0,0.0,0.0,0.0904,0.0306,144.411,0.23,12.975
6000.0,1.63,0.0222,0.0889,0.0309,145.967,0.232,12.764
6000.0,3.27,0.0444,0.0874,0.0312,147.391,0.235,12.537
6000.0,4.9,0.0667,0.0857,0.0315,148.647,0.237,12.294
6000.0,6.54,0.0889,0.0839,0.0317,149.7,0.238,12.034
6000.0,8.17,0.1111,0.0819,0.0319,150.516,0.24,11.756
6000.0,9.81,0.1333,0.0799,0.032,151.055,0.24,11.459
6000.0,11.44,0.1555,0.0776,0.0321,151.281,0.241,11.142
6000.0,13.08,0.1778,0.0753,0.032,151.156,0.241,10.806
6000.0,14.71,0.2,0.0728,0.0319,150.643,0.24,10.449
6000.0,16.35,0.2222,0.0702,0.0317,149.706,0.238,10.071
6000.0,17.98,0.2444,0.0674,0.0314,148.313,0.236,9.672
6000.0,19.62,0.2666,0.0645,0.031,146.433,0.233,9.252
6000.0,21.25,0.2889,0.0614,0.0305,144.038,0.229,8.811
6000.0,22.89,0.3111,0.0582,0.0299,141.101,0.225,8.349
6000.0,24.52,0.3333,0.0548,0.0292,137.596,0.219,7.866
6000.0,26.16,0.3555,0.0513,0.0283,133.512,0.212,7.363
6000.0,27.79,0.3778,0.0477,0.0273,128.861,0.205,6.844
6000.0,29.43,0.4,0.044,0.0262,123.659,0.197,6.308
6000.0,31.06,0.4222,0.0401,0.025,117.917,0.188,5.76
6000.0,32.7,0.4444,0.0362,0.0237,111.647,0.178,5.2
6000.0,34.33,0.4666,0.0323,0.0222,104.862,0.167,4.631
6000.0,35.97,0.4889,0.0282,0.0207,97.576,0.155,4.053
6000.0,37.6,0.5111,0.0242,0.019,89.808,0.143,3.47
6000.0,39.24,0.5333,0.0201,0.0173,81.582,0.13,2.884
6000.0,40.87,0.5555,0.016,0.0155,72.929,0.116,2.296
6000.0,42.51,0.5777,0.0119,0.0135,63.887,0.102,1.711
6000.0,44.14,0.6,0.0079,0.0115,54.508,0.087,1.13
6000.0,45.78,0.6222,0.0039,0.0095,44.847,0.071,0.559
6000.0,47.41,0.6444,0.0,0.0074,34.928,0.056,-0.003
7000.0,0.0,0.0,0.0908,0.0304,227.792,0.311,17.742
7000.0,1.91,0.0222,0.0894,0.0307,230.309,0.314,17.454
7000.0,3.82,0.0445,0.0878,0.031,232.615,0.317,17.145
7000.0,5.73,0.0667,0.0861,0.0313,234.651,0.32,16.814
7000.0,7.63,0.0889,0.0843,0.0315,236.363,0.322,16.459
7000.0,9.54,0.1112,0.0823,0.0317,237.691,0.324,16.079
7000.0,11.45,0.1334,0.0802,0.0318,238.576,0.325,15.673
7000.0,13.36,0.1557,0.078,0.0319,238.957,0.326,15.241
7000.0,15.27,0.1779,0.0757,0.0319,238.772,0.326,14.781
7000.0,17.18,0.2001,0.0732,0.0317,237.962,0.325,14.293
7000.0,19.09,0.2224,0.0705,0.0315,236.471,0.323,13.776
7000.0,21.0,0.2446,0.0677,0.0313,234.245,0.32,13.231
7000.0,22.9,0.2668,0.0648,0.0309,231.234,0.315,12.656
7000.0,24.81,0.2891,0.0617,0.0303,227.392,0.31,12.053
7000.0,26.72,0.3113,0.0585,0.0297,222.677,0.304,11.42
7000.0,28.63,0.3335,0.0551,0.029,217.045,0.296,10.759
7000.0,30.54,0.3558,0.0516,0.0281,210.479,0.287,10.071
7000.0,32.45,0.378,0.0479,0.0271,202.997,0.277,9.36
7000.0,34.36,0.4002,0.0442,0.026,194.624,0.266,8.627
7000.0,36.27,0.4225,0.0403,0.0247,185.378,0.253,7.876
7000.0,38.17,0.4447,0.0364,0.0234,175.278,0.239,7.11
7000.0,40.08,0.467,0.0324,0.0219,164.343,0.224,6.33
7000.0,41.99,0.4892,0.0284,0.0204,152.598,0.208,5.54
7000.0,43.9,0.5114,0.0243,0.0187,140.071,0.191,4.741
7000.0,45.81,0.5337,0.0202,0.0169,126.803,0.173,3.939
7000.0,47.72,0.5559,0.016,0.0151,112.843,0.154,3.134
7000.0,49.63,0.5781,0.0119,0.0131,98.256,0.134,2.333
7000.0,51.54,0.6004,0.0079,0.0111,83.122,0.113,1.539
7000.0,53.44,0.6226,0.0039,0.009,67.537,0.092,0.757
7000.0,55.35,0.6448,-0.0001,0.0069,51.524,0.07,-0.011
8000.0,0.0,0.0,0.0913,0.0303,338.964,0.405,23.296
8000.0,2.18,0.0223,0.0898,0.0306,342.785,0.409,22.92
8000.0,4.37,0.0445,0.0883,0.031,346.287,0.413,22.516
8000.0,6.55,0.0668,0.0866,0.0312,349.382,0.417,22.082
8000.0,8.73,0.089,0.0847,0.0315,351.986,0.42,21.617
8000.0,10.92,0.1113,0.0828,0.0316,354.01,0.423,21.119
8000.0,13.1,0.1335,0.0807,0.0318,355.363,0.424,20.587
8000.0,15.28,0.1558,0.0785,0.0318,355.951,0.425,20.02
8000.0,17.46,0.178,0.0761,0.0318,355.682,0.425,19.417
8000.0,19.65,0.2003,0.0736,0.0317,354.467,0.423,18.776
8000.0,21.83,0.2225,0.0709,0.0315,352.22,0.42,18.098
8000.0,24.01,0.2448,0.0681,0.0312,348.858,0.416,17.381
8000.0,26.2,0.267,0.0652,0.0308,344.307,0.411,16.626
8000.0,28.38,0.2893,0.0621,0.0303,338.497,0.404,15.833
8000.0,30.56,0.3115,0.0588,0.0296,331.363,0.396,15.001
8000.0,32.75,0.3338,0.0554,0.0289,322.839,0.385,14.133
8000.0,34.93,0.356,0.0519,0.028,312.898,0.373,13.228
8000.0,37.11,0.3783,0.0482,0.027,301.569,0.36,12.292
8000.0,39.29,0.4005,0.0444,0.0258,288.885,0.345,11.328
8000.0,41.48,0.4228,0.0405,0.0246,274.876,0.328,10.34
8000.0,43.66,0.4451,0.0366,0.0232,259.568,0.31,9.332
8000.0,45.84,0.4673,0.0326,0.0217,242.993,0.29,8.307
8000.0,48.03,0.4896,0.0285,0.0201,225.185,0.269,7.267
8000.0,50.21,0.5118,0.0244,0.0184,206.19,0.246,6.217
8000.0,52.39,0.5341,0.0202,0.0166,186.068,0.222,5.161
8000.0,54.58,0.5563,0.0161,0.0147,164.896,0.197,4.104
8000.0,56.76,0.5786,0.012,0.0128,142.772,0.17,3.05
8000.0,58.94,0.6008,0.0079,0.0107,119.82,0.143,2.006
8000.0,61.13,0.6231,0.0038,0.0086,96.185,0.115,0.978
8000.0,63.31,0.6453,-0.0001,0.0064,71.881,0.086,-0.032
9000.0,0.0,0.0,0.0919,0.0303,482.553,0.512,29.664
9000.0,2.48,0.0225,0.0904,0.0306,488.132,0.518,29.183
9000.0,4.96,0.0449,0.0888,0.031,493.239,0.523,28.665
9000.0,7.44,0.0674,0.0871,0.0312,497.745,0.528,28.109
9000.0,9.92,0.0899,0.0852,0.0315,501.523,0.532,27.512
9000.0,12.4,0.1124,0.0832,0.0317,504.443,0.535,26.872
9000.0,14.88,0.1348,0.0811,0.0318,506.367,0.537,26.188
9000.0,17.36,0.1573,0.0788,0.0318,507.158,0.538,25.458
9000.0,19.84,0.1798,0.0764,0.0318,506.678,0.538,24.68
9000.0,22.32,0.2022,0.0739,0.0317,504.794,0.536,23.853
9000.0,24.8,0.2247,0.0712,0.0315,501.378,0.532,22.977
9000.0,27.28,0.2472,0.0683,0.0312,496.311,0.527,22.05
9000.0,29.76,0.2697,0.0653,0.0307,489.481,0.519,21.074
9000.0,32.24,0.2921,0.0621,0.0302,480.785,0.51,20.048
9000.0,34.72,0.3146,0.0588,0.0295,470.129,0.499,18.973
9000.0,37.2,0.3371,0.0553,0.0287,457.415,0.485,17.848
9000.0,39.68,0.3596,0.0517,0.0278,442.616,0.47,16.678
9000.0,42.16,0.382,0.0479,0.0267,425.778,0.452,15.467
9000.0,44.64,0.4045,0.044,0.0255,406.949,0.432,14.221
9000.0,47.12,0.427,0.0401,0.0242,386.173,0.41,12.945
9000.0,49.6,0.4494,0.0361,0.0228,363.488,0.386,11.643
9000.0,52.08,0.4719,0.032,0.0213,338.942,0.36,10.318
9000.0,54.56,0.4944,0.0278,0.0196,312.589,0.332,8.977
9000.0,57.04,0.5169,0.0236,0.0179,284.502,0.302,7.623
9000.0,59.52,0.5393,0.0194,0.016,254.774,0.27,6.262
9000.0,62.0,0.5618,0.0152,0.014,223.529,0.237,4.901
9000.0,64.48,0.5843,0.011,0.012,190.92,0.203,3.546
9000.0,66.96,0.6067,0.0068,0.0099,157.145,0.167,2.207
9000.0,69.44,0.6292,0.0028,0.0077,122.421,0.13,0.89
10000.0,0.0,0.0,0.0925,0.0304,663.604,0.634,36.877
10000.0,2.73,0.0222,0.091,0.0307,671.302,0.641,36.289
10000.0,5.46,0.0445,0.0895,0.031,678.355,0.648,35.656
10000.0,8.18,0.0667,0.0877,0.0313,684.591,0.654,34.976
10000.0,10.91,0.089,0.0859,0.0316,689.84,0.659,34.247
10000.0,13.64,0.1112,0.084,0.0318,693.923,0.663,33.465
10000.0,16.37,0.1335,0.0819,0.0319,696.655,0.665,32.629
10000.0,19.1,0.1557,0.0796,0.0319,697.849,0.666,31.736
10000.0,21.82,0.178,0.0772,0.0319,697.322,0.666,30.785
10000.0,24.55,0.2002,0.0747,0.0318,694.893,0.664,29.775
10000.0,27.28,0.2225,0.072,0.0316,690.387,0.659,28.704
10000.0,30.01,0.2447,0.0692,0.0313,683.644,0.653,27.571
10000.0,32.74,0.267,0.0662,0.0309,674.509,0.644,26.377
10000.0,35.46,0.2892,0.063,0.0303,662.846,0.633,25.123
10000.0,38.19,0.3114,0.0597,0.0297,648.525,0.619,23.807
10000.0,40.92,0.3337,0.0563,0.0289,631.416,0.603,22.431
10000.0,43.65,0.3559,0.0527,0.028,611.456,0.584,20.998
10000.0,46.38,0.3782,0.049,0.0269,588.698,0.562,19.515
10000.0,49.1,0.4004,0.0451,0.0258,563.213,0.538,17.987
10000.0,51.83,0.4227,0.0412,0.0245,535.056,0.511,16.421
10000.0,54.56,0.4449,0.0372,0.0231,504.282,0.482,14.821
10000.0,57.29,0.4672,0.0331,0.0216,470.95,0.45,13.194
10000.0,60.02,0.4894,0.029,0.0199,435.133,0.416,11.544
10000.0,62.74,0.5117,0.0248,0.0182,396.923,0.379,9.878
10000.0,65.47,0.5339,0.0206,0.0163,356.439,0.34,8.202
10000.0,68.2,0.5562,0.0164,0.0144,313.838,0.3,6.523
10000.0,70.93,0.5784,0.0122,0.0123,269.318,0.257,4.849
10000.0,73.66,0.6006,0.008,0.0102,223.132,0.213,3.192
10000.0,76.38,0.6229,0.0039,0.008,175.574,0.168,1.56
10000.0,79.11,0.6451,-0.0001,0.0058,126.641,0.121,-0.046
11000.0,0.0,0.0,0.0932,0.0305,887.702,0.771,44.972
11000.0,3.0,0.0222,0.0918,0.0309,898.1,0.78,44.263
11000.0,5.99,0.0444,0.0902,0.0312,907.627,0.788,43.498
11000.0,8.99,0.0666,0.0885,0.0315,916.05,0.795,42.675
11000.0,11.99,0.0889,0.0866,0.0317,923.138,0.801,41.792
11000.0,14.98,0.1111,0.0847,0.0319,928.652,0.806,40.844
11000.0,17.98,0.1333,0.0826,0.0321,932.341,0.809,39.83
11000.0,20.98,0.1555,0.0803,0.0321,933.955,0.811,38.747
11000.0,23.97,0.1777,0.0779,0.0321,933.246,0.81,37.593
11000.0,26.97,0.1999,0.0754,0.032,929.969,0.807,36.365
11000.0,29.97,0.2222,0.0727,0.0318,923.892,0.802,35.064
11000.0,32.96,0.2444,0.0698,0.0315,914.796,0.794,33.687
11000.0,35.96,0.2666,0.0668,0.031,902.478,0.783,32.235
11000.0,38.96,0.2888,0.0637,0.0305,886.753,0.77,30.708
11000.0,41.95,0.311,0.0603,0.0298,867.445,0.753,29.107
11000.0,44.95,0.3332,0.0569,0.029,844.383,0.733,27.432
11000.0,47.95,0.3554,0.0533,0.0281,817.476,0.71,25.687
11000.0,50.94,0.3777,0.0495,0.0271,786.792,0.683,23.879
11000.0,53.94,0.3999,0.0456,0.0259,752.424,0.653,22.017
11000.0,56.94,0.4221,0.0417,0.0246,714.448,0.62,20.108
11000.0,59.93,0.4443,0.0376,0.0231,672.94,0.584,18.158
11000.0,62.93,0.4665,0.0335,0.0216,627.979,0.545,16.173
11000.0,65.93,0.4887,0.0294,0.0199,579.661,0.503,14.16
11000.0,68.92,0.5109,0.0251,0.0182,528.109,0.458,12.127
11000.0,71.92,0.5332,0.0209,0.0163,473.485,0.411,10.081
11000.0,74.92,0.5554,0.0167,0.0143,415.998,0.361,8.031
11000.0,77.91,0.5776,0.0124,0.0122,355.915,0.309,5.988
11000.0,80.91,0.5998,0.0082,0.0101,293.574,0.255,3.963
11000.0,83.91,0.622,0.0041,0.0079,229.375,0.199,1.969
11000.0,86.9,0.6442,0.0,0.0056,163.38,0.142,0.008
12000.0,0.0,0.0,0.0941,0.0308,1161.168,0.924,53.998
12000.0,3.27,0.0222,0.0926,0.0311,1174.897,0.935,53.154
12000.0,6.54,0.0444,0.091,0.0314,1187.472,0.945,52.243
12000.0,9.8,0.0666,0.0893,0.0317,1198.584,0.954,51.263
12000.0,13.07,0.0888,0.0875,0.032,1207.929,0.961,50.21
12000.0,16.34,0.111,0.0855,0.0322,1215.185,0.967,49.079
12000.0,19.61,0.1333,0.0834,0.0323,1220.028,0.971,47.867
12000.0,22.88,0.1555,0.0811,0.0324,1222.12,0.973,46.572
12000.0,26.15,0.1777,0.0787,0.0323,1221.137,0.972,45.191
12000.0,29.41,0.1999,0.0762,0.0322,1216.755,0.968,43.721
12000.0,32.68,0.2221,0.0735,0.032,1208.67,0.962,42.161
12000.0,35.95,0.2443,0.0706,0.0317,1196.594,0.952,40.51
12000.0,39.22,0.2665,0.0675,0.0313,1180.261,0.939,38.768
12000.0,42.49,0.2887,0.0643,0.0307,1159.426,0.923,36.935
12000.0,45.76,0.3109,0.061,0.03,1133.863,0.902,35.013
12000.0,49.02,0.3331,0.0575,0.0292,1103.346,0.878,33.001
12000.0,52.29,0.3554,0.0538,0.0283,1067.752,0.85,30.904
12000.0,55.56,0.3776,0.0501,0.0272,1027.169,0.817,28.731
12000.0,58.83,0.3998,0.0462,0.026,981.719,0.781,26.493
12000.0,62.1,0.422,0.0422,0.0247,931.505,0.741,24.196
12000.0,65.37,0.4442,0.0381,0.0232,876.626,0.698,21.85
12000.0,68.63,0.4664,0.0339,0.0216,817.188,0.65,19.462
12000.0,71.9,0.4886,0.0297,0.02,753.317,0.599,17.04
12000.0,75.17,0.5108,0.0254,0.0181,685.18,0.545,14.593
12000.0,78.44,0.533,0.0211,0.0162,612.986,0.488,12.129
12000.0,81.71,0.5552,0.0168,0.0142,537.014,0.427,9.661
12000.0,84.97,0.5775,0.0125,0.0121,457.618,0.364,7.2
12000.0,88.24,0.5997,0.0083,0.0099,375.245,0.299,4.762
12000.0,91.51,0.6219,0.0041,0.0077,290.429,0.231,2.36
12000.0,94.78,0.6441,0.0,0.0054,203.217,0.162,-0.003
13000.0,0.0,0.0,0.095,0.0311,1491.43,1.096,64.01
13000.0,3.54,0.0222,0.0936,0.0314,1509.194,1.109,63.022
13000.0,7.08,0.0444,0.092,0.0318,1525.457,1.121,61.954
13000.0,10.62,0.0666,0.0903,0.0321,1539.818,1.131,60.803
13000.0,14.16,0.0888,0.0884,0.0323,1551.882,1.14,59.564
13000.0,17.7,0.111,0.0864,0.0325,1561.228,1.147,58.233
13000.0,21.24,0.1332,0.0843,0.0326,1567.436,1.151,56.806
13000.0,24.77,0.1554,0.0821,0.0327,1570.072,1.153,55.278
13000.0,28.31,0.1776,0.0796,0.0327,1568.711,1.152,53.647
13000.0,31.85,0.1998,0.0771,0.0326,1562.937,1.148,51.91
13000.0,35.39,0.222,0.0743,0.0323,1552.356,1.14,50.065
13000.0,38.93,0.2442,0.0714,0.032,1536.6,1.129,48.112
13000.0,42.47,0.2664,0.0684,0.0316,1515.324,1.113,46.05
13000.0,46.01,0.2886,0.0651,0.031,1488.217,1.093,43.879
13000.0,49.55,0.3108,0.0618,0.0303,1454.99,1.069,41.6
13000.0,53.09,0.333,0.0582,0.0295,1415.355,1.04,39.215
13000.0,56.63,0.3552,0.0545,0.0285,1369.147,1.006,36.727
13000.0,60.17,0.3774,0.0507,0.0274,1316.475,0.967,34.148
13000.0,63.71,0.3996,0.0467,0.0262,1257.5,0.924,31.491
13000.0,67.24,0.4218,0.0427,0.0248,1192.358,0.876,28.764
13000.0,70.78,0.444,0.0386,0.0234,1121.177,0.824,25.977
13000.0,74.32,0.4662,0.0343,0.0217,1044.096,0.767,23.139
13000.0,77.86,0.4884,0.0301,0.02,961.28,0.706,20.26
13000.0,81.4,0.5106,0.0258,0.0182,872.943,0.641,17.35
13000.0,84.94,0.5328,0.0214,0.0162,779.36,0.572,14.421
13000.0,88.48,0.555,0.017,0.0142,680.889,0.5,11.485
13000.0,92.02,0.5772,0.0127,0.012,577.996,0.425,8.558
13000.0,95.56,0.5994,0.0084,0.0098,471.276,0.346,5.656
13000.0,99.1,0.6216,0.0042,0.0075,361.452,0.266,2.798
13000.0,102.64,0.6438,0.0,0.0052,248.579,0.183,-0.015
14000.0,0.0,0.0,0.0961,0.0315,1889.142,1.289,75.08
14000.0,3.81,0.0222,0.0946,0.0319,1911.256,1.304,73.938
14000.0,7.62,0.0444,0.0931,0.0322,1931.559,1.318,72.702
14000.0,11.43,0.0666,0.0913,0.0325,1949.531,1.33,71.368
14000.0,15.24,0.0887,0.0895,0.0328,1964.646,1.34,69.93
14000.0,19.04,0.1109,0.0875,0.033,1976.356,1.348,68.383
14000.0,22.85,0.1331,0.0854,0.0331,1984.09,1.353,66.721
14000.0,26.66,0.1553,0.0831,0.0331,1987.276,1.356,64.941
14000.0,30.47,0.1775,0.0807,0.0331,1985.355,1.354,63.038
14000.0,34.28,0.1997,0.0781,0.033,1977.799,1.349,61.009
14000.0,38.09,0.2219,0.0753,0.0328,1964.104,1.34,58.852
14000.0,41.9,0.244,0.0724,0.0324,1943.804,1.326,56.566
14000.0,45.71,0.2662,0.0693,0.032,1916.467,1.307,54.151
14000.0,49.52,0.2884,0.0661,0.0314,1881.7,1.283,51.607
14000.0,53.32,0.3106,0.0626,0.0307,1839.143,1.254,48.936
14000.0,57.13,0.3328,0.0591,0.0298,1788.435,1.22,46.138
14000.0,60.94,0.355,0.0553,0.0288,1729.361,1.18,43.218
14000.0,64.75,0.3772,0.0514,0.0277,1662.048,1.134,40.19
14000.0,68.56,0.3993,0.0474,0.0265,1586.708,1.082,37.068
14000.0,72.37,0.4215,0.0433,0.0251,1503.515,1.026,33.863
14000.0,76.18,0.4437,0.0391,0.0236,1412.637,0.964,30.586
14000.0,79.99,0.4659,0.0349,0.0219,1314.268,0.896,27.249
14000.0,83.8,0.4881,0.0305,0.0202,1208.643,0.824,23.862
14000.0,87.6,0.5103,0.0262,0.0183,1096.074,0.748,20.437
14000.0,91.41,0.5325,0.0217,0.0163,976.962,0.666,16.989
14000.0,95.22,0.5546,0.0173,0.0142,851.835,0.581,13.531
14000.0,99.03,0.5768,0.0129,0.012,721.373,0.492,10.082
14000.0,102.84,0.599,0.0085,0.0098,586.441,0.4,6.662
14000.0,106.65,0.6212,0.0042,0.0075,448.068,0.306,3.292
14000.0,110.46,0.6434,0.0,0.0051,306.384,0.209,-0.027
15000.0,0.0,0.0,0.0973,0.0324,2387.843,1.52,87.287
15000.0,4.08,0.0222,0.0959,0.0327,2411.853,1.535,85.986
15000.0,8.15,0.0443,0.0943,0.033,2433.756,1.549,84.575
15000.0,12.23,0.0665,0.0926,0.0333,2452.952,1.562,83.048
15000.0,16.31,0.0886,0.0908,0.0335,2468.837,1.572,81.399
15000.0,20.38,0.1108,0.0888,0.0336,2480.763,1.579,79.622
15000.0,24.46,0.133,0.0866,0.0337,2488.04,1.584,77.709
15000.0,28.54,0.1551,0.0844,0.0338,2489.975,1.585,75.657
15000.0,32.61,0.1773,0.0819,0.0337,2485.849,1.583,73.46
15000.0,36.69,0.1995,0.0793,0.0336,2474.971,1.576,71.115
15000.0,40.77,0.2216,0.0765,0.0333,2456.662,1.564,68.619
15000.0,44.84,0.2438,0.0736,0.033,2430.283,1.547,65.971
15000.0,48.92,0.2659,0.0704,0.0325,2395.24,1.525,63.17
15000.0,52.99,0.2881,0.0671,0.0319,2350.987,1.497,60.217
15000.0,57.07,0.3103,0.0637,0.0311,2297.021,1.462,57.114
15000.0,61.15,0.3324,0.0601,0.0303,2232.874,1.421,53.863
15000.0,65.22,0.3546,0.0563,0.0293,2158.268,1.374,50.467
15000.0,69.3,0.3768,0.0523,0.0281,2073.384,1.32,46.943
15000.0,73.38,0.3989,0.0483,0.0268,1978.526,1.26,43.307
15000.0,77.45,0.4211,0.0441,0.0254,1873.981,1.193,39.573
15000.0,81.53,0.4432,0.0399,0.0239,1760.038,1.12,35.754
15000.0,85.61,0.4654,0.0355,0.0222,1637.029,1.042,31.861
15000.0,89.68,0.4876,0.0311,0.0204,1505.364,0.958,27.909
15000.0,93.76,0.5097,0.0267,0.0185,1365.557,0.869,23.91
15000.0,97.84,0.5319,0.0222,0.0165,1218.271,0.776,19.882
15000.0,101.91,0.554,0.0177,0.0144,1064.344,0.678,15.84
15000.0,105.99,0.5762,0.0132,0.0123,904.818,0.576,11.806
15000.0,110.07,0.5984,0.0087,0.01,740.969,0.472,7.802
15000.0,114.14,0.6205,0.0043,0.0078,574.275,0.366,3.854
15000.0,118.22,0.6427,0.0,0.0055,404.957,0.258,-0.035
16000.0,0.0,0.0,0.0987,0.0343,3071.253,1.833,100.714
16000.0,4.34,0.0221,0.0973,0.0345,3091.212,1.845,99.251
16000.0,8.69,0.0443,0.0957,0.0347,3108.438,1.855,97.66
16000.0,13.03,0.0664,0.094,0.0349,3122.308,1.863,95.934
16000.0,17.38,0.0886,0.0922,0.035,3132.176,1.869,94.065
16000.0,21.72,0.1107,0.0902,0.0351,3137.356,1.872,92.045
16000.0,26.07,0.1329,0.0881,0.035,3137.118,1.872,89.868
16000.0,30.41,0.155,0.0858,0.035,3130.686,1.868,87.527
16000.0,34.76,0.1772,0.0833,0.0348,3117.283,1.86,85.015
16000.0,39.1,0.1993,0.0807,0.0346,3096.118,1.848,82.33
16000.0,43.45,0.2214,0.0779,0.0343,3066.421,1.83,79.466
16000.0,47.79,0.2436,0.0749,0.0338,3027.463,1.807,76.423
16000.0,52.14,0.2657,0.0717,0.0333,2978.542,1.778,73.201
16000.0,56.48,0.2879,0.0684,0.0326,2919.005,1.742,69.801
16000.0,60.83,0.31,0.0649,0.0318,2848.221,1.7,66.223
16000.0,65.17,0.3322,0.0612,0.0309,2765.884,1.651,62.471
16000.0,69.52,0.3543,0.0574,0.0299,2671.779,1.595,58.55
16000.0,73.86,0.3765,0.0534,0.0287,2566.145,1.532,54.476
16000.0,78.21,0.3986,0.0493,0.0274,2449.043,1.462,50.271
16000.0,82.55,0.4207,0.045,0.0259,2320.871,1.385,45.948
16000.0,86.9,0.4429,0.0407,0.0244,2181.944,1.302,41.524
16000.0,91.24,0.465,0.0363,0.0227,2032.844,1.213,37.012
16000.0,95.59,0.4872,0.0318,0.0209,1874.475,1.119,32.429
16000.0,99.93,0.5093,0.0272,0.0191,1707.603,1.019,27.789
16000.0,104.28,0.5315,0.0226,0.0171,1533.37,0.915,23.112
16000.0,108.62,0.5536,0.018,0.0151,1353.117,0.808,18.417
16000.0,112.97,0.5757,0.0135,0.0131,1168.348,0.697,13.728
16000.0,117.31,0.5979,0.0089,0.011,980.878,0.585,9.072
16000.0,121.66,0.62,0.0044,0.0089,792.714,0.473,4.479
16000.0,126.0,0.6422,0.0,0.0067,603.947,0.36,-0.048
17000.0,0.0,0.0,0.1,0.0379,4070.649,2.287,115.248
17000.0,4.63,0.0222,0.0986,0.038,4078.495,2.291,113.634
17000.0,9.25,0.0444,0.0971,0.038,4082.165,2.293,111.871
17000.0,13.88,0.0666,0.0954,0.038,4080.997,2.292,109.951
17000.0,18.5,0.0887,0.0936,0.038,4074.3,2.289,107.863
17000.0,23.13,0.1109,0.0917,0.0378,4061.385,2.281,105.598
17000.0,27.75,0.1331,0.0895,0.0376,4041.532,2.27,103.147
17000.0,32.38,0.1553,0.0872,0.0374,4014.048,2.255,100.503
17000.0,37.0,0.1775,0.0848,0.0371,3978.224,2.235,97.659
17000.0,41.63,0.1997,0.0821,0.0366,3933.356,2.209,94.61
17000.0,46.25,0.2219,0.0793,0.0361,3878.737,2.179,91.352
17000.0,50.88,0.244,0.0763,0.0355,3813.665,2.142,87.884
17000.0,55.5,0.2662,0.0731,0.0348,3737.428,2.099,84.205
17000.0,60.13,0.2884,0.0697,0.034,3649.312,2.05,80.316
17000.0,64.75,0.3106,0.0662,0.0331,3548.625,1.993,76.218
17000.0,69.38,0.3328,0.0624,0.032,3434.638,1.929,71.915
17000.0,74.0,0.355,0.0585,0.0308,3309.351,1.859,67.411
17000.0,78.63,0.3772,0.0545,0.0296,3173.299,1.783,62.727
17000.0,83.25,0.3994,0.0502,0.0282,3027.152,1.7,57.886
17000.0,87.88,0.4215,0.0459,0.0268,2873.355,1.614,52.907
17000.0,92.5,0.4437,0.0415,0.0252,2710.755,1.523,47.806
17000.0,97.13,0.4659,0.037,0.0236,2537.933,1.426,42.604
17000.0,101.75,0.4881,0.0324,0.0219,2356.395,1.324,37.318
17000.0,106.38,0.5103,0.0277,0.0202,2167.801,1.218,31.965
17000.0,111.0,0.5325,0.0231,0.0184,1973.527,1.109,26.57
17000.0,115.63,0.5547,0.0184,0.0165,1775.58,0.997,21.155
17000.0,120.25,0.5768,0.0137,0.0147,1576.204,0.885,15.751
17000.0,124.88,0.599,0.009,0.0128,1377.618,0.774,10.391
17000.0,129.5,0.6212,0.0044,0.011,1182.203,0.664,5.111
17000.0,134.13,0.6434,-0.0001,0.0092,988.536,0.555,-0.091
18000.0,0.0,0.0,0.1007,0.043,5474.34,2.904,130.114
18000.0,5.02,0.0228,0.0994,0.0429,5472.095,2.903,128.383
18000.0,10.05,0.0455,0.0979,0.0429,5461.774,2.898,126.47
18000.0,15.07,0.0683,0.0963,0.0427,5442.543,2.887,124.364
18000.0,20.1,0.091,0.0945,0.0425,5413.627,2.872,122.051
18000.0,25.12,0.1138,0.0925,0.0422,5374.332,2.851,119.519
18000.0,30.15,0.1366,0.0904,0.0418,5324.024,2.824,116.757
18000.0,35.17,0.1593,0.0881,0.0413,5262.126,2.792,113.755
18000.0,40.19,0.1821,0.0856,0.0407,5188.058,2.752,110.503
18000.0,45.22,0.2049,0.0828,0.04,5101.259,2.706,106.996
18000.0,50.24,0.2276,0.0799,0.0392,5001.011,2.653,103.227
18000.0,55.27,0.2504,0.0768,0.0383,4886.887,2.593,99.194
18000.0,60.29,0.2731,0.0735,0.0373,4758.495,2.524,94.898
18000.0,65.32,0.2959,0.07,0.0362,4615.441,2.449,90.341
18000.0,70.34,0.3187,0.0662,0.035,4457.338,2.365,85.529
18000.0,75.36,0.3414,0.0623,0.0336,4283.677,2.273,80.464
18000.0,80.39,0.3642,0.0582,0.0322,4097.467,2.174,75.161
18000.0,85.41,0.387,0.0539,0.0306,3904.202,2.071,69.646
18000.0,90.44,0.4097,0.0495,0.0291,3706.515,1.966,63.944
18000.0,95.46,0.4325,0.045,0.0276,3513.159,1.864,58.074
18000.0,100.49,0.4552,0.0403,0.0261,3326.242,1.765,52.057
18000.0,105.51,0.478,0.0356,0.0246,3131.736,1.661,45.927
18000.0,110.53,0.5008,0.0307,0.023,2931.352,1.555,39.711
18000.0,115.56,0.5235,0.0259,0.0214,2728.694,1.448,33.436
18000.0,120.58,0.5463,0.021,0.0198,2525.1,1.34,27.134
18000.0,125.61,0.5691,0.0161,0.0182,2323.183,1.232,20.842
18000.0,130.63,0.5918,0.0113,0.0167,2125.91,1.128,14.605
18000.0,135.66,0.6146,0.0066,0.0152,1935.472,1.027,8.472
18000.0,140.68,0.6373,0.0019,0.0137,1752.251,0.93,2.481
